Titre;URL;Statut;Catégorie;Langue;HTTP;Indexable;Canonical;Présente dans sitemap-recettes.xml;Liée depuis hub/catégorie;SSR ou pré-rendu confirmé;Données structurées;Action réalisée;Validation humaine requise
"Recettes botaniques : cuisine et cosmétique maison";/recettes/;Publiée;Hub;fr-FR;200;Oui (index,follow);https://bloombybotanik.com/recettes/;Oui;Oui (Header/Catégorie/Hub);Confirmé (H1 + liens);BreadcrumbList;"Hub/Catégorie public indexable créé";Validé
"Recettes culinaires botaniques";/recettes/culinaires/;Publiée;Culinaire;fr-FR;200;Oui (index,follow);https://bloombybotanik.com/recettes/culinaires/;Oui;Oui (Header/Catégorie/Hub);Confirmé (H1 + liens);ItemList + BreadcrumbList;"Hub/Catégorie public indexable créé";Validé
"Recettes culinaires botaniques (Page 2)";/recettes/culinaires/page/2/;Publiée;Culinaire;fr-FR;200;Oui (index,follow);https://bloombybotanik.com/recettes/culinaires/page/2/;Oui;Oui (Header/Catégorie/Hub);Confirmé (H1 + liens);ItemList + BreadcrumbList;"Hub/Catégorie public indexable créé";Validé
"Recettes cosmétiques botaniques";/recettes/cosmetiques/;Publiée;Cosmétique;fr-FR;200;Oui (index,follow);https://bloombybotanik.com/recettes/cosmetiques/;Oui;Oui (Header/Catégorie/Hub);Confirmé (H1 + liens);ItemList + BreadcrumbList;"Hub/Catégorie public indexable créé";Validé
"Recettes cosmétiques botaniques (Page 2)";/recettes/cosmetiques/page/2/;Publiée;Cosmétique;fr-FR;200;Oui (index,follow);https://bloombybotanik.com/recettes/cosmetiques/page/2/;Oui;Oui (Header/Catégorie/Hub);Confirmé (H1 + liens);ItemList + BreadcrumbList;"Hub/Catégorie public indexable créé";Validé
"Parcours botaniques guidés";/recettes/parcours-botaniques/;Publiée;Parcours guidé;fr-FR;200;Oui (index,follow);https://bloombybotanik.com/recettes/parcours-botaniques/;Oui;Oui (Header/Catégorie/Hub);Confirmé (H1 + liens);ItemList + BreadcrumbList;"Hub/Catégorie public indexable créé";Validé
"Infusion Sommeil Profond";/recettes/culinaires/infusion-sommeil-profond/;publiée;Culinaire;fr-FR;200;Oui (index,follow);https://bloombybotanik.com/recettes/culinaires/infusion-sommeil-profond/;Oui;Oui (/recettes/culinaires/);Confirmé;Recipe;"Fiche publique indexable créée avec données structurées et indicateur de difficulté";Conforme
"Huile de Massage Articulaire";/recettes/cosmetiques/huile-massage-articulaire/;publiée;Cosmétique (Usage externe);fr-FR;200;Oui (index,follow);https://bloombybotanik.com/recettes/cosmetiques/huile-massage-articulaire/;Oui;Oui (/recettes/cosmetiques/);Confirmé;Article;"Fiche publique indexable créée avec données structurées et indicateur de difficulté";Conforme
"Sérum Visage Éclat Botanique";/recettes/cosmetiques/serum-visage-eclat-botanique/;publiée;Cosmétique (Usage externe);fr-FR;200;Oui (index,follow);https://bloombybotanik.com/recettes/cosmetiques/serum-visage-eclat-botanique/;Oui;Oui (/recettes/cosmetiques/);Confirmé;Article;"Fiche publique indexable créée avec données structurées et indicateur de difficulté";Conforme
"Baume à Lèvres au Calendula";/recettes/cosmetiques/baume-levres-calendula/;publiée;Cosmétique (Usage externe);fr-FR;200;Oui (index,follow);https://bloombybotanik.com/recettes/cosmetiques/baume-levres-calendula/;Oui;Oui (/recettes/cosmetiques/);Confirmé;Article;"Fiche publique indexable créée avec données structurées et indicateur de difficulté";Conforme
"Teinture de Propolis Maison";/recettes/parcours-botaniques/teinture-propolis-maison/;publiée;Parcours botanique guidé;fr-FR;200;Oui (index,follow);https://bloombybotanik.com/recettes/parcours-botaniques/teinture-propolis-maison/;Oui;Oui (/recettes/parcours-botaniques/);Confirmé;Article;"Fiche publique indexable créée avec données structurées et indicateur de difficulté";Conforme
"Sirop de Sureau Immunité";/recettes/culinaires/sirop-sureau-immunite/;publiée;Culinaire;fr-FR;200;Oui (index,follow);https://bloombybotanik.com/recettes/culinaires/sirop-sureau-immunite/;Oui;Oui (/recettes/culinaires/);Confirmé;Recipe;"Fiche publique indexable créée avec données structurées et indicateur de difficulté";Conforme
"Décoction Détox & Soutien Hépatique";/recettes/parcours-botaniques/decoction-detox-soutien-hepatique/;publiée;Parcours botanique guidé;fr-FR;200;Oui (index,follow);https://bloombybotanik.com/recettes/parcours-botaniques/decoction-detox-soutien-hepatique/;Oui;Oui (/recettes/parcours-botaniques/);Confirmé;Article;"Fiche publique indexable créée avec données structurées et indicateur de difficulté";Conforme
"Élixir Régulateur Métabolique";/recettes/parcours-botaniques/elixir-regulateur-metabolique/;publiée;Parcours botanique guidé;fr-FR;200;Oui (index,follow);https://bloombybotanik.com/recettes/parcours-botaniques/elixir-regulateur-metabolique/;Oui;Oui (/recettes/parcours-botaniques/);Confirmé;Article;"Fiche publique indexable créée avec données structurées et indicateur de difficulté";Conforme
"Infusion Drainage & Élimination";/recettes/culinaires/infusion-drainage-elimination/;publiée;Culinaire;fr-FR;200;Oui (index,follow);https://bloombybotanik.com/recettes/culinaires/infusion-drainage-elimination/;Oui;Oui (/recettes/culinaires/);Confirmé;Recipe;"Fiche publique indexable créée avec données structurées et indicateur de difficulté";Conforme
"Remède Psoriasis — Émonctoires & Régulation Épidermique";/recettes/parcours-botaniques/remede-psoriasis-emonctoires-regulation/;publiée;Parcours botanique guidé;fr-FR;200;Oui (index,follow);https://bloombybotanik.com/recettes/parcours-botaniques/remede-psoriasis-emonctoires-regulation/;Oui;Oui (/recettes/parcours-botaniques/);Confirmé;Article;"Fiche publique indexable créée avec données structurées et indicateur de difficulté";Conforme
"Remède Eczéma — Désamorçage Histaminique & Barrière";/recettes/parcours-botaniques/remede-eczema-desamorcage-histaminique/;publiée;Parcours botanique guidé;fr-FR;200;Oui (index,follow);https://bloombybotanik.com/recettes/parcours-botaniques/remede-eczema-desamorcage-histaminique/;Oui;Oui (/recettes/parcours-botaniques/);Confirmé;Article;"Fiche publique indexable créée avec données structurées et indicateur de difficulté";Conforme
"Remède Alopécie — Anti-DHT & Matrice Folliculaire";/recettes/cosmetiques/soin-alopecie-anti-dht-matrice-folliculaire/;publiée;Cosmétique (Usage externe);fr-FR;200;Oui (index,follow);https://bloombybotanik.com/recettes/cosmetiques/soin-alopecie-anti-dht-matrice-folliculaire/;Oui;Oui (/recettes/cosmetiques/);Confirmé;Article;"Fiche publique indexable créée avec données structurées et indicateur de difficulté";Conforme
"Sérum Liftant Encens & Myrrhe — Fermeté & Élastase";/recettes/cosmetiques/serum-liftant-encens-myrrhe-fermete-elastase/;publiée;Cosmétique (Usage externe);fr-FR;200;Oui (index,follow);https://bloombybotanik.com/recettes/cosmetiques/serum-liftant-encens-myrrhe-fermete-elastase/;Oui;Oui (/recettes/cosmetiques/);Confirmé;Article;"Fiche publique indexable créée avec données structurées et indicateur de difficulté";Vérification chef recommandée
"Sérum Réparateur Nuit — Barrière Cutanée";/recettes/cosmetiques/serum-reparateur-nuit-barriere-cutanee/;publiée;Cosmétique (Usage externe);fr-FR;200;Oui (index,follow);https://bloombybotanik.com/recettes/cosmetiques/serum-reparateur-nuit-barriere-cutanee/;Oui;Oui (/recettes/cosmetiques/);Confirmé;Article;"Fiche publique indexable créée avec données structurées et indicateur de difficulté";Vérification chef recommandée
"Élixir de Croissance & Cuir Chevelu — Follicule Actif";/recettes/cosmetiques/elixir-de-croissance-cuir-chevelu-follicule-actif/;publiée;Cosmétique (Usage externe);fr-FR;200;Oui (index,follow);https://bloombybotanik.com/recettes/cosmetiques/elixir-de-croissance-cuir-chevelu-follicule-actif/;Oui;Oui (/recettes/cosmetiques/);Confirmé;Article;"Fiche publique indexable créée avec données structurées et indicateur de difficulté";Vérification chef recommandée
"Huile Corps Drainante & Fermeté — Silhouette";/recettes/cosmetiques/huile-corps-drainante-fermete-silhouette/;publiée;Cosmétique (Usage externe);fr-FR;200;Oui (index,follow);https://bloombybotanik.com/recettes/cosmetiques/huile-corps-drainante-fermete-silhouette/;Oui;Oui (/recettes/cosmetiques/);Confirmé;Article;"Fiche publique indexable créée avec données structurées et indicateur de difficulté";Vérification chef recommandée
"Huile Nettoyante Botanique — Pureté Douce";/recettes/cosmetiques/huile-nettoyante-botanique-purete-douce/;publiée;Cosmétique (Usage externe);fr-FR;200;Oui (index,follow);https://bloombybotanik.com/recettes/cosmetiques/huile-nettoyante-botanique-purete-douce/;Oui;Oui (/recettes/cosmetiques/);Confirmé;Article;"Fiche publique indexable créée avec données structurées et indicateur de difficulté";Vérification chef recommandée
"Masque Éclat & Jeunesse — Hibiscus & Rose";/recettes/cosmetiques/masque-eclat-jeunesse-hibiscus-rose/;publiée;Cosmétique (Usage externe);fr-FR;200;Oui (index,follow);https://bloombybotanik.com/recettes/cosmetiques/masque-eclat-jeunesse-hibiscus-rose/;Oui;Oui (/recettes/cosmetiques/);Confirmé;Article;"Fiche publique indexable créée avec données structurées et indicateur de difficulté";Vérification chef recommandée
"Huile de Massage Récupération — Sport & Muscle";/recettes/cosmetiques/huile-de-massage-recuperation-sport-muscle/;publiée;Cosmétique (Usage externe);fr-FR;200;Oui (index,follow);https://bloombybotanik.com/recettes/cosmetiques/huile-de-massage-recuperation-sport-muscle/;Oui;Oui (/recettes/cosmetiques/);Confirmé;Article;"Fiche publique indexable créée avec données structurées et indicateur de difficulté";Vérification chef recommandée
"Sérum Anti-Imperfections — Bardane & Purifié";/recettes/cosmetiques/serum-anti-imperfections-bardane-purifie/;publiée;Cosmétique (Usage externe);fr-FR;200;Oui (index,follow);https://bloombybotanik.com/recettes/cosmetiques/serum-anti-imperfections-bardane-purifie/;Oui;Oui (/recettes/cosmetiques/);Confirmé;Article;"Fiche publique indexable créée avec données structurées et indicateur de difficulté";Vérification chef recommandée
"Élixir Regard Frais — Contour des Yeux";/recettes/cosmetiques/elixir-regard-frais-contour-des-yeux/;publiée;Cosmétique (Usage externe);fr-FR;200;Oui (index,follow);https://bloombybotanik.com/recettes/cosmetiques/elixir-regard-frais-contour-des-yeux/;Oui;Oui (/recettes/cosmetiques/);Confirmé;Article;"Fiche publique indexable créée avec données structurées et indicateur de difficulté";Vérification chef recommandée
"Baume Lèvres Nourrissant — Calendula & Miel";/recettes/cosmetiques/baume-levres-nourrissant-calendula-miel/;publiée;Cosmétique (Usage externe);fr-FR;200;Oui (index,follow);https://bloombybotanik.com/recettes/cosmetiques/baume-levres-nourrissant-calendula-miel/;Oui;Oui (/recettes/cosmetiques/);Confirmé;Article;"Fiche publique indexable créée avec données structurées et indicateur de difficulté";Vérification chef recommandée
"Lotion Tonique Apaisante — Camomille & Lavande";/recettes/cosmetiques/lotion-tonique-apaisante-camomille-lavande/;publiée;Cosmétique (Usage externe);fr-FR;200;Oui (index,follow);https://bloombybotanik.com/recettes/cosmetiques/lotion-tonique-apaisante-camomille-lavande/;Oui;Oui (/recettes/cosmetiques/);Confirmé;Article;"Fiche publique indexable créée avec données structurées et indicateur de difficulté";Vérification chef recommandée
"Huile Précieuse Régénérante — Rose Musquée & Argan";/recettes/cosmetiques/huile-precieuse-regenerante-rose-musquee-argan/;publiée;Cosmétique (Usage externe);fr-FR;200;Oui (index,follow);https://bloombybotanik.com/recettes/cosmetiques/huile-precieuse-regenerante-rose-musquee-argan/;Oui;Oui (/recettes/cosmetiques/);Confirmé;Article;"Fiche publique indexable créée avec données structurées et indicateur de difficulté";Vérification chef recommandée
"Gommage Corps Botanique — Sel & Algues";/recettes/cosmetiques/gommage-corps-botanique-sel-algues/;publiée;Cosmétique (Usage externe);fr-FR;200;Oui (index,follow);https://bloombybotanik.com/recettes/cosmetiques/gommage-corps-botanique-sel-algues/;Oui;Oui (/recettes/cosmetiques/);Confirmé;Article;"Fiche publique indexable créée avec données structurées et indicateur de difficulté";Vérification chef recommandée
"Huile Jambes Légères — Vigne Rouge & Marron";/recettes/cosmetiques/huile-jambes-legeres-vigne-rouge-marron/;publiée;Cosmétique (Usage externe);fr-FR;200;Oui (index,follow);https://bloombybotanik.com/recettes/cosmetiques/huile-jambes-legeres-vigne-rouge-marron/;Oui;Oui (/recettes/cosmetiques/);Confirmé;Article;"Fiche publique indexable créée avec données structurées et indicateur de difficulté";Vérification chef recommandée
"Masque Capillaire Nutrition — Avocat & Karité";/recettes/cosmetiques/masque-capillaire-nutrition-avocat-karite/;publiée;Cosmétique (Usage externe);fr-FR;200;Oui (index,follow);https://bloombybotanik.com/recettes/cosmetiques/masque-capillaire-nutrition-avocat-karite/;Oui;Oui (/recettes/cosmetiques/);Confirmé;Article;"Fiche publique indexable créée avec données structurées et indicateur de difficulté";Vérification chef recommandée
"Baume Mains Protecteur — Karité & Glycérine";/recettes/cosmetiques/baume-mains-protecteur-karite-glycerine/;publiée;Cosmétique (Usage externe);fr-FR;200;Oui (index,follow);https://bloombybotanik.com/recettes/cosmetiques/baume-mains-protecteur-karite-glycerine/;Oui;Oui (/recettes/cosmetiques/);Confirmé;Article;"Fiche publique indexable créée avec données structurées et indicateur de difficulté";Vérification chef recommandée
"Huile Démaquillante Yeux — Bleuet & Amande";/recettes/cosmetiques/huile-demaquillante-yeux-bleuet-amande/;publiée;Cosmétique (Usage externe);fr-FR;200;Oui (index,follow);https://bloombybotanik.com/recettes/cosmetiques/huile-demaquillante-yeux-bleuet-amande/;Oui;Oui (/recettes/cosmetiques/);Confirmé;Article;"Fiche publique indexable créée avec données structurées et indicateur de difficulté";Vérification chef recommandée
"Élixir de Nuit Apaisant — Mélisse & Valériane";/recettes/cosmetiques/elixir-de-nuit-apaisant-melisse-valeriane/;publiée;Cosmétique (Usage externe);fr-FR;200;Oui (index,follow);https://bloombybotanik.com/recettes/cosmetiques/elixir-de-nuit-apaisant-melisse-valeriane/;Oui;Oui (/recettes/cosmetiques/);Confirmé;Article;"Fiche publique indexable créée avec données structurées et indicateur de difficulté";Vérification chef recommandée
"Sérum Hydratation — Aloé & Hyaluronique";/recettes/cosmetiques/serum-hydratation-aloe-hyaluronique/;publiée;Cosmétique (Usage externe);fr-FR;200;Oui (index,follow);https://bloombybotanik.com/recettes/cosmetiques/serum-hydratation-aloe-hyaluronique/;Oui;Oui (/recettes/cosmetiques/);Confirmé;Article;"Fiche publique indexable créée avec données structurées et indicateur de difficulté";Vérification chef recommandée
"Huile de Barbe & Visage — Cèdre & Jojoba";/recettes/cosmetiques/huile-de-barbe-visage-cedre-jojoba/;publiée;Cosmétique (Usage externe);fr-FR;200;Oui (index,follow);https://bloombybotanik.com/recettes/cosmetiques/huile-de-barbe-visage-cedre-jojoba/;Oui;Oui (/recettes/cosmetiques/);Confirmé;Article;"Fiche publique indexable créée avec données structurées et indicateur de difficulté";Vérification chef recommandée
"Masque Détox — Argile & Charbon";/recettes/cosmetiques/masque-detox-argile-charbon/;publiée;Cosmétique (Usage externe);fr-FR;200;Oui (index,follow);https://bloombybotanik.com/recettes/cosmetiques/masque-detox-argile-charbon/;Oui;Oui (/recettes/cosmetiques/);Confirmé;Article;"Fiche publique indexable créée avec données structurées et indicateur de difficulté";Vérification chef recommandée
"Lotion Tonique Capillaire — Ortie & Romarin";/recettes/cosmetiques/lotion-tonique-capillaire-ortie-romarin/;publiée;Cosmétique (Usage externe);fr-FR;200;Oui (index,follow);https://bloombybotanik.com/recettes/cosmetiques/lotion-tonique-capillaire-ortie-romarin/;Oui;Oui (/recettes/cosmetiques/);Confirmé;Article;"Fiche publique indexable créée avec données structurées et indicateur de difficulté";Vérification chef recommandée
"Baume Pieds Relaxant — Menthe & Camphre";/recettes/cosmetiques/baume-pieds-relaxant-menthe-camphre/;publiée;Cosmétique (Usage externe);fr-FR;200;Oui (index,follow);https://bloombybotanik.com/recettes/cosmetiques/baume-pieds-relaxant-menthe-camphre/;Oui;Oui (/recettes/cosmetiques/);Confirmé;Article;"Fiche publique indexable créée avec données structurées et indicateur de difficulté";Vérification chef recommandée
"Dentifrice Reminéralisant & Pubbling Coco — Hygiène Buccale";/recettes/cosmetiques/dentifrice-remineralisant-pubbling-coco-hygiene-buccale/;publiée;Cosmétique (Usage externe);fr-FR;200;Oui (index,follow);https://bloombybotanik.com/recettes/cosmetiques/dentifrice-remineralisant-pubbling-coco-hygiene-buccale/;Oui;Oui (/recettes/cosmetiques/);Confirmé;Article;"Fiche publique indexable créée avec données structurées et indicateur de difficulté";Vérification chef recommandée
"Romarin à Cinéole — Huile de finition";/recettes/culinaires/romarin-a-cineole-huile-de-finition/;publiée;Culinaire;fr-FR;200;Oui (index,follow);https://bloombybotanik.com/recettes/culinaires/romarin-a-cineole-huile-de-finition/;Oui;Oui (/recettes/culinaires/);Confirmé;Recipe;"Fiche publique indexable créée avec données structurées et indicateur de difficulté";Conforme
"Romarin à Cinéole — Beurre clarifié / Ghee";/recettes/culinaires/romarin-a-cineole-beurre-clarifie-ghee/;publiée;Culinaire;fr-FR;200;Oui (index,follow);https://bloombybotanik.com/recettes/culinaires/romarin-a-cineole-beurre-clarifie-ghee/;Oui;Oui (/recettes/culinaires/);Confirmé;Recipe;"Fiche publique indexable créée avec données structurées et indicateur de difficulté";Conforme
"Romarin à Cinéole — Miel infusé";/recettes/culinaires/romarin-a-cineole-miel-infuse/;publiée;Culinaire;fr-FR;200;Oui (index,follow);https://bloombybotanik.com/recettes/culinaires/romarin-a-cineole-miel-infuse/;Oui;Oui (/recettes/culinaires/);Confirmé;Recipe;"Fiche publique indexable créée avec données structurées et indicateur de difficulté";Conforme
"Thym commun — Huile de finition";/recettes/culinaires/thym-commun-huile-de-finition/;publiée;Culinaire;fr-FR;200;Oui (index,follow);https://bloombybotanik.com/recettes/culinaires/thym-commun-huile-de-finition/;Oui;Oui (/recettes/culinaires/);Confirmé;Recipe;"Fiche publique indexable créée avec données structurées et indicateur de difficulté";Conforme
"Thym commun — Beurre clarifié / Ghee";/recettes/culinaires/thym-commun-beurre-clarifie-ghee/;publiée;Culinaire;fr-FR;200;Oui (index,follow);https://bloombybotanik.com/recettes/culinaires/thym-commun-beurre-clarifie-ghee/;Oui;Oui (/recettes/culinaires/);Confirmé;Recipe;"Fiche publique indexable créée avec données structurées et indicateur de difficulté";Conforme
"Thym commun — Vinaigre aromatique";/recettes/culinaires/thym-commun-vinaigre-aromatique/;publiée;Culinaire;fr-FR;200;Oui (index,follow);https://bloombybotanik.com/recettes/culinaires/thym-commun-vinaigre-aromatique/;Oui;Oui (/recettes/culinaires/);Confirmé;Recipe;"Fiche publique indexable créée avec données structurées et indicateur de difficulté";Conforme
"Basilic grand vert — Huile de finition";/recettes/culinaires/basilic-grand-vert-huile-de-finition/;publiée;Culinaire;fr-FR;200;Oui (index,follow);https://bloombybotanik.com/recettes/culinaires/basilic-grand-vert-huile-de-finition/;Oui;Oui (/recettes/culinaires/);Confirmé;Recipe;"Fiche publique indexable créée avec données structurées et indicateur de difficulté";Conforme
"Basilic grand vert — Vinaigre aromatique";/recettes/culinaires/basilic-grand-vert-vinaigre-aromatique/;publiée;Culinaire;fr-FR;200;Oui (index,follow);https://bloombybotanik.com/recettes/culinaires/basilic-grand-vert-vinaigre-aromatique/;Oui;Oui (/recettes/culinaires/);Confirmé;Recipe;"Fiche publique indexable créée avec données structurées et indicateur de difficulté";Conforme
"Origan compact — Huile de finition";/recettes/culinaires/origan-compact-huile-de-finition/;publiée;Culinaire;fr-FR;200;Oui (index,follow);https://bloombybotanik.com/recettes/culinaires/origan-compact-huile-de-finition/;Oui;Oui (/recettes/culinaires/);Confirmé;Recipe;"Fiche publique indexable créée avec données structurées et indicateur de difficulté";Conforme
"Origan compact — Beurre clarifié / Ghee";/recettes/culinaires/origan-compact-beurre-clarifie-ghee/;publiée;Culinaire;fr-FR;200;Oui (index,follow);https://bloombybotanik.com/recettes/culinaires/origan-compact-beurre-clarifie-ghee/;Oui;Oui (/recettes/culinaires/);Confirmé;Recipe;"Fiche publique indexable créée avec données structurées et indicateur de difficulté";Conforme
"Laurier sauce — Huile de finition";/recettes/culinaires/laurier-sauce-huile-de-finition/;publiée;Culinaire;fr-FR;200;Oui (index,follow);https://bloombybotanik.com/recettes/culinaires/laurier-sauce-huile-de-finition/;Oui;Oui (/recettes/culinaires/);Confirmé;Recipe;"Fiche publique indexable créée avec données structurées et indicateur de difficulté";Conforme
"Laurier sauce — Beurre clarifié / Ghee";/recettes/culinaires/laurier-sauce-beurre-clarifie-ghee/;publiée;Culinaire;fr-FR;200;Oui (index,follow);https://bloombybotanik.com/recettes/culinaires/laurier-sauce-beurre-clarifie-ghee/;Oui;Oui (/recettes/culinaires/);Confirmé;Recipe;"Fiche publique indexable créée avec données structurées et indicateur de difficulté";Conforme
"Sauge officinale — Beurre clarifié / Ghee";/recettes/culinaires/sauge-officinale-beurre-clarifie-ghee/;publiée;Culinaire;fr-FR;200;Oui (index,follow);https://bloombybotanik.com/recettes/culinaires/sauge-officinale-beurre-clarifie-ghee/;Oui;Oui (/recettes/culinaires/);Confirmé;Recipe;"Fiche publique indexable créée avec données structurées et indicateur de difficulté";Conforme
"Sauge officinale — Huile de finition";/recettes/culinaires/sauge-officinale-huile-de-finition/;publiée;Culinaire;fr-FR;200;Oui (index,follow);https://bloombybotanik.com/recettes/culinaires/sauge-officinale-huile-de-finition/;Oui;Oui (/recettes/culinaires/);Confirmé;Recipe;"Fiche publique indexable créée avec données structurées et indicateur de difficulté";Conforme
"Menthe poivrée — Huile de finition";/recettes/culinaires/menthe-poivree-huile-de-finition/;publiée;Culinaire;fr-FR;200;Oui (index,follow);https://bloombybotanik.com/recettes/culinaires/menthe-poivree-huile-de-finition/;Oui;Oui (/recettes/culinaires/);Confirmé;Recipe;"Fiche publique indexable créée avec données structurées et indicateur de difficulté";Conforme
"Menthe poivrée — Miel infusé";/recettes/culinaires/menthe-poivree-miel-infuse/;publiée;Culinaire;fr-FR;200;Oui (index,follow);https://bloombybotanik.com/recettes/culinaires/menthe-poivree-miel-infuse/;Oui;Oui (/recettes/culinaires/);Confirmé;Recipe;"Fiche publique indexable créée avec données structurées et indicateur de difficulté";Conforme
"Estragon — Vinaigre aromatique";/recettes/culinaires/estragon-vinaigre-aromatique/;publiée;Culinaire;fr-FR;200;Oui (index,follow);https://bloombybotanik.com/recettes/culinaires/estragon-vinaigre-aromatique/;Oui;Oui (/recettes/culinaires/);Confirmé;Recipe;"Fiche publique indexable créée avec données structurées et indicateur de difficulté";Conforme
"Estragon — Huile de finition";/recettes/culinaires/estragon-huile-de-finition/;publiée;Culinaire;fr-FR;200;Oui (index,follow);https://bloombybotanik.com/recettes/culinaires/estragon-huile-de-finition/;Oui;Oui (/recettes/culinaires/);Confirmé;Recipe;"Fiche publique indexable créée avec données structurées et indicateur de difficulté";Conforme
"Gingembre — Huile de finition";/recettes/culinaires/gingembre-huile-de-finition/;publiée;Culinaire;fr-FR;200;Oui (index,follow);https://bloombybotanik.com/recettes/culinaires/gingembre-huile-de-finition/;Oui;Oui (/recettes/culinaires/);Confirmé;Recipe;"Fiche publique indexable créée avec données structurées et indicateur de difficulté";Conforme
"Gingembre — Miel infusé";/recettes/culinaires/gingembre-miel-infuse/;publiée;Culinaire;fr-FR;200;Oui (index,follow);https://bloombybotanik.com/recettes/culinaires/gingembre-miel-infuse/;Oui;Oui (/recettes/culinaires/);Confirmé;Recipe;"Fiche publique indexable créée avec données structurées et indicateur de difficulté";Conforme
"Curcuma — Huile de finition";/recettes/culinaires/curcuma-huile-de-finition/;publiée;Culinaire;fr-FR;200;Oui (index,follow);https://bloombybotanik.com/recettes/culinaires/curcuma-huile-de-finition/;Oui;Oui (/recettes/culinaires/);Confirmé;Recipe;"Fiche publique indexable créée avec données structurées et indicateur de difficulté";Conforme
"Curcuma — Beurre clarifié / Ghee";/recettes/culinaires/curcuma-beurre-clarifie-ghee/;publiée;Culinaire;fr-FR;200;Oui (index,follow);https://bloombybotanik.com/recettes/culinaires/curcuma-beurre-clarifie-ghee/;Oui;Oui (/recettes/culinaires/);Confirmé;Recipe;"Fiche publique indexable créée avec données structurées et indicateur de difficulté";Conforme
"Cannelle de Ceylan — Miel infusé";/recettes/culinaires/cannelle-de-ceylan-miel-infuse/;publiée;Culinaire;fr-FR;200;Oui (index,follow);https://bloombybotanik.com/recettes/culinaires/cannelle-de-ceylan-miel-infuse/;Oui;Oui (/recettes/culinaires/);Confirmé;Recipe;"Fiche publique indexable créée avec données structurées et indicateur de difficulté";Conforme
"Cannelle de Ceylan — Huile de finition";/recettes/culinaires/cannelle-de-ceylan-huile-de-finition/;publiée;Culinaire;fr-FR;200;Oui (index,follow);https://bloombybotanik.com/recettes/culinaires/cannelle-de-ceylan-huile-de-finition/;Oui;Oui (/recettes/culinaires/);Confirmé;Recipe;"Fiche publique indexable créée avec données structurées et indicateur de difficulté";Conforme
"Cardamome verte — Miel infusé";/recettes/culinaires/cardamome-verte-miel-infuse/;publiée;Culinaire;fr-FR;200;Oui (index,follow);https://bloombybotanik.com/recettes/culinaires/cardamome-verte-miel-infuse/;Oui;Oui (/recettes/culinaires/);Confirmé;Recipe;"Fiche publique indexable créée avec données structurées et indicateur de difficulté";Conforme
"Cardamome verte — Huile de finition";/recettes/culinaires/cardamome-verte-huile-de-finition/;publiée;Culinaire;fr-FR;200;Oui (index,follow);https://bloombybotanik.com/recettes/culinaires/cardamome-verte-huile-de-finition/;Oui;Oui (/recettes/culinaires/);Confirmé;Recipe;"Fiche publique indexable créée avec données structurées et indicateur de difficulté";Conforme
"Lavande (Angustifolia) — Préparation culinaire";/recettes/culinaires/lavande-angustifolia-preparation-culinaire/;publiée;Culinaire;fr-FR;200;Oui (index,follow);https://bloombybotanik.com/recettes/culinaires/lavande-angustifolia-preparation-culinaire/;Oui;Oui (/recettes/culinaires/);Confirmé;Recipe;"Fiche publique indexable créée avec données structurées et indicateur de difficulté";Conforme
"Lavande (Angustifolia) — Miel infusé";/recettes/culinaires/lavande-angustifolia-miel-infuse/;publiée;Culinaire;fr-FR;200;Oui (index,follow);https://bloombybotanik.com/recettes/culinaires/lavande-angustifolia-miel-infuse/;Oui;Oui (/recettes/culinaires/);Confirmé;Recipe;"Fiche publique indexable créée avec données structurées et indicateur de difficulté";Conforme
"Citronnelle — Huile de finition";/recettes/culinaires/citronnelle-huile-de-finition/;publiée;Culinaire;fr-FR;200;Oui (index,follow);https://bloombybotanik.com/recettes/culinaires/citronnelle-huile-de-finition/;Oui;Oui (/recettes/culinaires/);Confirmé;Recipe;"Fiche publique indexable créée avec données structurées et indicateur de difficulté";Conforme
"Citronnelle — Miel infusé";/recettes/culinaires/citronnelle-miel-infuse/;publiée;Culinaire;fr-FR;200;Oui (index,follow);https://bloombybotanik.com/recettes/culinaires/citronnelle-miel-infuse/;Oui;Oui (/recettes/culinaires/);Confirmé;Recipe;"Fiche publique indexable créée avec données structurées et indicateur de difficulté";Conforme
"Clou de girofle — Miel infusé";/recettes/culinaires/clou-de-girofle-miel-infuse/;publiée;Culinaire;fr-FR;200;Oui (index,follow);https://bloombybotanik.com/recettes/culinaires/clou-de-girofle-miel-infuse/;Oui;Oui (/recettes/culinaires/);Confirmé;Recipe;"Fiche publique indexable créée avec données structurées et indicateur de difficulté";Conforme
"Clou de girofle — Huile de finition";/recettes/culinaires/clou-de-girofle-huile-de-finition/;publiée;Culinaire;fr-FR;200;Oui (index,follow);https://bloombybotanik.com/recettes/culinaires/clou-de-girofle-huile-de-finition/;Oui;Oui (/recettes/culinaires/);Confirmé;Recipe;"Fiche publique indexable créée avec données structurées et indicateur de difficulté";Conforme
"Goji — Huile de finition";/recettes/culinaires/goji-huile-de-finition/;publiée;Culinaire;fr-FR;200;Oui (index,follow);https://bloombybotanik.com/recettes/culinaires/goji-huile-de-finition/;Oui;Oui (/recettes/culinaires/);Confirmé;Recipe;"Fiche publique indexable créée avec données structurées et indicateur de difficulté";Conforme
"Goji — Miel infusé";/recettes/culinaires/goji-miel-infuse/;publiée;Culinaire;fr-FR;200;Oui (index,follow);https://bloombybotanik.com/recettes/culinaires/goji-miel-infuse/;Oui;Oui (/recettes/culinaires/);Confirmé;Recipe;"Fiche publique indexable créée avec données structurées et indicateur de difficulté";Conforme
"Bardane — Vinaigre aromatique";/recettes/culinaires/bardane-vinaigre-aromatique/;publiée;Culinaire;fr-FR;200;Oui (index,follow);https://bloombybotanik.com/recettes/culinaires/bardane-vinaigre-aromatique/;Oui;Oui (/recettes/culinaires/);Confirmé;Recipe;"Fiche publique indexable créée avec données structurées et indicateur de difficulté";Conforme
"Bardane — Huile de finition";/recettes/culinaires/bardane-huile-de-finition/;publiée;Culinaire;fr-FR;200;Oui (index,follow);https://bloombybotanik.com/recettes/culinaires/bardane-huile-de-finition/;Oui;Oui (/recettes/culinaires/);Confirmé;Recipe;"Fiche publique indexable créée avec données structurées et indicateur de difficulté";Conforme
"Badiane (Anis étoilé) — Miel infusé";/recettes/culinaires/badiane-anis-etoile-miel-infuse/;publiée;Culinaire;fr-FR;200;Oui (index,follow);https://bloombybotanik.com/recettes/culinaires/badiane-anis-etoile-miel-infuse/;Oui;Oui (/recettes/culinaires/);Confirmé;Recipe;"Fiche publique indexable créée avec données structurées et indicateur de difficulté";Conforme
"Badiane (Anis étoilé) — Huile de finition";/recettes/culinaires/badiane-anis-etoile-huile-de-finition/;publiée;Culinaire;fr-FR;200;Oui (index,follow);https://bloombybotanik.com/recettes/culinaires/badiane-anis-etoile-huile-de-finition/;Oui;Oui (/recettes/culinaires/);Confirmé;Recipe;"Fiche publique indexable créée avec données structurées et indicateur de difficulté";Conforme
"Jujube (Datte rouge) — Miel infusé";/recettes/culinaires/jujube-datte-rouge-miel-infuse/;publiée;Culinaire;fr-FR;200;Oui (index,follow);https://bloombybotanik.com/recettes/culinaires/jujube-datte-rouge-miel-infuse/;Oui;Oui (/recettes/culinaires/);Confirmé;Recipe;"Fiche publique indexable créée avec données structurées et indicateur de difficulté";Conforme
"Jujube (Datte rouge) — Vinaigre aromatique";/recettes/culinaires/jujube-datte-rouge-vinaigre-aromatique/;publiée;Culinaire;fr-FR;200;Oui (index,follow);https://bloombybotanik.com/recettes/culinaires/jujube-datte-rouge-vinaigre-aromatique/;Oui;Oui (/recettes/culinaires/);Confirmé;Recipe;"Fiche publique indexable créée avec données structurées et indicateur de difficulté";Conforme
"Haricot Adzuki — Préparation culinaire";/recettes/culinaires/haricot-adzuki-preparation-culinaire/;publiée;Culinaire;fr-FR;200;Oui (index,follow);https://bloombybotanik.com/recettes/culinaires/haricot-adzuki-preparation-culinaire/;Oui;Oui (/recettes/culinaires/);Confirmé;Recipe;"Fiche publique indexable créée avec données structurées et indicateur de difficulté";Conforme
"Haricot Adzuki — Huile de finition";/recettes/culinaires/haricot-adzuki-huile-de-finition/;publiée;Culinaire;fr-FR;200;Oui (index,follow);https://bloombybotanik.com/recettes/culinaires/haricot-adzuki-huile-de-finition/;Oui;Oui (/recettes/culinaires/);Confirmé;Recipe;"Fiche publique indexable créée avec données structurées et indicateur de difficulté";Conforme
"Parcours Botanique Guidé — Psoriasis — Émonctoires & Barrière Kératinocytaire";/recettes/parcours-botaniques/parcours-botanique-guide-psoriasis-emonctoires-barriere-keratinocytaire/;publiée;Parcours botanique guidé;fr-FR;200;Oui (index,follow);https://bloombybotanik.com/recettes/parcours-botaniques/parcours-botanique-guide-psoriasis-emonctoires-barriere-keratinocytaire/;Oui;Oui (/recettes/parcours-botaniques/);Confirmé;Article;"Fiche publique indexable créée avec données structurées et indicateur de difficulté";Vérification chef recommandée
"Parcours Botanique Guidé — Eczéma — Apaisement Histaminique & Réparation Barrière";/recettes/parcours-botaniques/parcours-botanique-guide-eczema-apaisement-histaminique-reparation-barriere/;publiée;Parcours botanique guidé;fr-FR;200;Oui (index,follow);https://bloombybotanik.com/recettes/parcours-botaniques/parcours-botanique-guide-eczema-apaisement-histaminique-reparation-barriere/;Oui;Oui (/recettes/parcours-botaniques/);Confirmé;Article;"Fiche publique indexable créée avec données structurées et indicateur de difficulté";Vérification chef recommandée
"Parcours Botanique Guidé — Alopécie — Anti-DHT & Micro-Nutrition Folliculaire";/recettes/parcours-botaniques/parcours-botanique-guide-alopecie-anti-dht-micro-nutrition-folliculaire/;publiée;Parcours botanique guidé;fr-FR;200;Oui (index,follow);https://bloombybotanik.com/recettes/parcours-botaniques/parcours-botanique-guide-alopecie-anti-dht-micro-nutrition-folliculaire/;Oui;Oui (/recettes/parcours-botaniques/);Confirmé;Article;"Fiche publique indexable créée avec données structurées et indicateur de difficulté";Vérification chef recommandée