ID,Titre,URL,Statut,Catégorie,Sous-catégorie,Ingrédients,Étapes actives,Phases,Températures,Temps actif (min),Temps BloomLab (min),Filtration,Conservation,Score calculé,Score final,Niveau,Libellé,Justification,Confiance,Données manquantes,Validation humaine requise
"discovery-01","Infusion Sommeil Profond","/recettes/#01","publiée","culinaire","Infusion","3","4","2","85°C / 70°C","20","25","Oui","Bocal hermétique propre ou réfrigération","42","42","3","Intermédiaire","Extraction séquentielle en 2 phases (85°C puis 70°C) avec filtration intermédiaire.","high","","Non"
"discovery-02","Huile de Massage Articulaire","/recettes/#02","publiée","cosmetique","Huile de soin","2","3","2","45°C / 42°C","20","75","Oui","Flacon ambré hermétique, 1 à 3 mois au frais","49","49","3","Intermédiaire","Extraction séquentielle en 2 phases (45°C puis 42°C) avec filtration intermédiaire.","high","","Non"
"discovery-03","Sérum Visage Éclat Botanique","/recettes/#03","publiée","cosmetique","Sérum","2","3","2","35°C / 35°C","20","80","Oui","Flacon ambré hermétique, 1 à 3 mois au frais","49","49","3","Intermédiaire","Extraction séquentielle en 2 phases (35°C puis 35°C) avec filtration intermédiaire.","high","","Non"
"discovery-04","Baume à Lèvres au Calendula","/recettes/#04","publiée","cosmetique","Baume","3","3","2","65°C / 45°C","20","35","Oui","Flacon ambré hermétique, 1 à 3 mois au frais","49","49","3","Intermédiaire","Extraction séquentielle en 2 phases (65°C puis 45°C) avec filtration intermédiaire.","high","","Non"
"discovery-05","Teinture de Propolis Maison","/recettes/#05","publiée","parcours-guide","Teinture","2","2","2","Température ambiante / N/A","20","60","Oui","Bocal hermétique propre ou réfrigération","44","44","3","Intermédiaire","Extraction séquentielle en 2 phases (Température ambiante puis N/A) avec filtration intermédiaire.","high","","Non"
"discovery-06","Sirop de Sureau Immunité","/recettes/#06","publiée","culinaire","Sirop","3","3","2","90°C / 40°C","20","30","Oui","Bocal hermétique propre ou réfrigération","42","42","3","Intermédiaire","Extraction séquentielle en 2 phases (90°C puis 40°C) avec filtration intermédiaire.","high","","Non"
"discovery-07","Décoction Détox & Soutien Hépatique","/recettes/#07","publiée","parcours-guide","Décoction","3","3","2","90°C / 75°C","20","25","Oui","Bocal hermétique propre ou réfrigération","49","49","3","Intermédiaire","Extraction séquentielle en 2 phases (90°C puis 75°C) avec filtration intermédiaire.","high","","Non"
"discovery-08","Élixir Régulateur Métabolique","/recettes/#08","publiée","parcours-guide","Élixir","3","3","2","85°C / 70°C","20","30","Oui","Bocal hermétique propre ou réfrigération","49","49","3","Intermédiaire","Extraction séquentielle en 2 phases (85°C puis 70°C) avec filtration intermédiaire.","high","","Non"
"discovery-09","Infusion Drainage & Élimination","/recettes/#09","publiée","culinaire","Infusion","3","3","2","90°C / 75°C","20","23","Oui","Bocal hermétique propre ou réfrigération","42","42","3","Intermédiaire","Extraction séquentielle en 2 phases (90°C puis 75°C) avec filtration intermédiaire.","high","","Non"
"discovery-10","Remède Psoriasis — Émonctoires & Régulation Épidermique","/recettes/#10","publiée","parcours-guide","Extrait liquide","3","5","2","75°C / 50°C","20","240","Oui","Bocal hermétique propre ou réfrigération","54","54","3","Intermédiaire","Extraction séquentielle en 2 phases (75°C puis 50°C) avec filtration intermédiaire.","high","","Non"
"discovery-11","Remède Eczéma — Désamorçage Histaminique & Barrière","/recettes/#11","publiée","parcours-guide","Extrait liquide","3","5","2","68°C / 48°C","20","180","Oui","Bocal hermétique propre ou réfrigération","54","54","3","Intermédiaire","Extraction séquentielle en 2 phases (68°C puis 48°C) avec filtration intermédiaire.","high","","Non"
"discovery-12","Remède Alopécie — Anti-DHT & Matrice Folliculaire","/recettes/#12","publiée","cosmetique","Extrait double action","3","4","2","72°C / 52°C","20","300","Oui","Flacon ambré hermétique, 1 à 3 mois au frais","49","49","3","Intermédiaire","Extraction séquentielle en 2 phases (72°C puis 52°C) avec filtration intermédiaire.","high","","Non"
"cosmetique-serum_liftant_encens_myrrhe","Sérum Liftant Encens & Myrrhe — Fermeté & Élastase","/cosmetiques/#serum_liftant_encens_myrrhe","publiée","cosmetique","Visage","9","19","2","Phase A: 42–45°C / Phase B: 50°C","25","300","Oui","6 à 8 semaines au réfrigérateur dans un flacon en verre ambré hermétique.","94","94","5","Expert","Formulation cosmétique bi-phase avancée : extraction séquentielle, pesée précise des résines/huiles, assemblage sous agitation et conditionnement ambré.","high","","Oui"
"cosmetique-serum_reparateur_nuit","Sérum Réparateur Nuit — Barrière Cutanée","/cosmetiques/#serum_reparateur_nuit","publiée","cosmetique","Visage","6","20","2","Phase A: 45°C / Phase B: 40°C","25","300","Oui","6 mois à l'abri de la lumière et de la chaleur. Réfrigérateur après ouverture.","89","89","5","Expert","Formulation cosmétique bi-phase avancée : extraction séquentielle, pesée précise des résines/huiles, assemblage sous agitation et conditionnement ambré.","high","","Oui"
"cosmetique-elixir_croissance_capillaire","Élixir de Croissance & Cuir Chevelu — Follicule Actif","/cosmetiques/#elixir_croissance_capillaire","publiée","cosmetique","Cheveux","4","14","2","Phase A: 50°C / Phase B: 45°C","25","360","Oui","6 mois à température ambiante, à l'abri de la lumière.","84","84","5","Expert","Formulation cosmétique bi-phase avancée : extraction séquentielle, pesée précise des résines/huiles, assemblage sous agitation et conditionnement ambré.","high","","Oui"
"cosmetique-huile_corps_drainante","Huile Corps Drainante & Fermeté — Silhouette","/cosmetiques/#huile_corps_drainante","publiée","cosmetique","Corps","4","8","2","Phase A: 55°C / Phase B: 45°C","25","360","Oui","12 mois.","84","84","5","Expert","Formulation cosmétique bi-phase avancée : extraction séquentielle, pesée précise des résines/huiles, assemblage sous agitation et conditionnement ambré.","high","","Oui"
"cosmetique-nettoyant_botanique_doux","Huile Nettoyante Botanique — Pureté Douce","/cosmetiques/#nettoyant_botanique_doux","publiée","cosmetique","Visage","4","5","2","Phase A: 40°C / Phase B: 35°C","25","240","Oui","9 mois.","76","76","4","Avancé","Formulation cosmétique bi-phase avancée : extraction séquentielle, pesée précise des résines/huiles, assemblage sous agitation et conditionnement ambré.","high","","Oui"
"cosmetique-masque_eclat_hibiscus","Masque Éclat & Jeunesse — Hibiscus & Rose","/cosmetiques/#masque_eclat_hibiscus","publiée","cosmetique","Visage","4","5","2","Phase A: 45°C / Phase B: 35°C","25","180","Oui","6 mois.","76","76","4","Avancé","Formulation cosmétique bi-phase avancée : extraction séquentielle, pesée précise des résines/huiles, assemblage sous agitation et conditionnement ambré.","high","","Oui"
"cosmetique-huile_massage_recuperation","Huile de Massage Récupération — Sport & Muscle","/cosmetiques/#huile_massage_recuperation","publiée","cosmetique","Corps","4","5","2","Phase A: 50°C / Phase B: 40°C","25","300","Oui","12 mois.","76","76","4","Avancé","Formulation cosmétique bi-phase avancée : extraction séquentielle, pesée précise des résines/huiles, assemblage sous agitation et conditionnement ambré.","high","","Oui"
"cosmetique-serum_anti_imperfections","Sérum Anti-Imperfections — Bardane & Purifié","/cosmetiques/#serum_anti_imperfections","publiée","cosmetique","Visage","4","5","2","Phase A: 55°C / Phase B: 45°C","25","300","Oui","6 mois.","76","76","4","Avancé","Formulation cosmétique bi-phase avancée : extraction séquentielle, pesée précise des résines/huiles, assemblage sous agitation et conditionnement ambré.","high","","Oui"
"cosmetique-elixir_regard_frais","Élixir Regard Frais — Contour des Yeux","/cosmetiques/#elixir_regard_frais","publiée","cosmetique","Visage","4","5","2","Phase A: 40°C / Phase B: 40°C","25","240","Oui","6 mois.","76","76","4","Avancé","Formulation cosmétique bi-phase avancée : extraction séquentielle, pesée précise des résines/huiles, assemblage sous agitation et conditionnement ambré.","high","","Oui"
"cosmetique-baume_levres_calendula","Baume Lèvres Nourrissant — Calendula & Miel","/cosmetiques/#baume_levres_calendula","publiée","cosmetique","Visage","4","5","2","Phase A: 50°C / Phase B: 45°C","25","120","Oui","9 mois.","76","76","4","Avancé","Formulation cosmétique bi-phase avancée : extraction séquentielle, pesée précise des résines/huiles, assemblage sous agitation et conditionnement ambré.","high","","Oui"
"cosmetique-lotion_tonique_camomille","Lotion Tonique Apaisante — Camomille & Lavande","/cosmetiques/#lotion_tonique_camomille","publiée","cosmetique","Visage","4","5","2","Phase A: 40°C / Phase B: 40°C","25","120","Oui","3 mois au frais.","76","76","4","Avancé","Formulation cosmétique bi-phase avancée : extraction séquentielle, pesée précise des résines/huiles, assemblage sous agitation et conditionnement ambré.","high","","Oui"
"cosmetique-huile_precieuse_rose","Huile Précieuse Régénérante — Rose Musquée & Argan","/cosmetiques/#huile_precieuse_rose","publiée","cosmetique","Visage","4","5","2","Phase A: 45°C / Phase B: 40°C","25","300","Oui","12 mois.","76","76","4","Avancé","Formulation cosmétique bi-phase avancée : extraction séquentielle, pesée précise des résines/huiles, assemblage sous agitation et conditionnement ambré.","high","","Oui"
"cosmetique-gommage_corps_sel_botanique","Gommage Corps Botanique — Sel & Algues","/cosmetiques/#gommage_corps_sel_botanique","publiée","cosmetique","Corps","4","5","2","Phase A: 45°C / Phase B: 25°C","25","120","Oui","6 mois.","76","76","4","Avancé","Formulation cosmétique bi-phase avancée : extraction séquentielle, pesée précise des résines/huiles, assemblage sous agitation et conditionnement ambré.","high","","Oui"
"cosmetique-huile_jambes_legeres","Huile Jambes Légères — Vigne Rouge & Marron","/cosmetiques/#huile_jambes_legeres","publiée","cosmetique","Corps","4","5","2","Phase A: 50°C / Phase B: 45°C","25","300","Oui","12 mois.","76","76","4","Avancé","Formulation cosmétique bi-phase avancée : extraction séquentielle, pesée précise des résines/huiles, assemblage sous agitation et conditionnement ambré.","high","","Oui"
"cosmetique-masque_capillaire_nutrition","Masque Capillaire Nutrition — Avocat & Karité","/cosmetiques/#masque_capillaire_nutrition","publiée","cosmetique","Cheveux","4","5","2","Phase A: 55°C / Phase B: 45°C","25","240","Oui","6 mois.","76","76","4","Avancé","Formulation cosmétique bi-phase avancée : extraction séquentielle, pesée précise des résines/huiles, assemblage sous agitation et conditionnement ambré.","high","","Oui"
"cosmetique-baume_mains_karite","Baume Mains Protecteur — Karité & Glycérine","/cosmetiques/#baume_mains_karite","publiée","cosmetique","Corps","4","4","2","Phase A: 55°C / Phase B: 40°C","25","180","Oui","12 mois.","71","71","4","Avancé","Formulation cosmétique bi-phase avancée : extraction séquentielle, pesée précise des résines/huiles, assemblage sous agitation et conditionnement ambré.","high","","Oui"
"cosmetique-huile_demaquillante_yeux","Huile Démaquillante Yeux — Bleuet & Amande","/cosmetiques/#huile_demaquillante_yeux","publiée","cosmetique","Visage","4","5","2","Phase A: 35°C / Phase B: 35°C","25","180","Oui","9 mois.","76","76","4","Avancé","Formulation cosmétique bi-phase avancée : extraction séquentielle, pesée précise des résines/huiles, assemblage sous agitation et conditionnement ambré.","high","","Oui"
"cosmetique-elixir_nuit_apaisant","Élixir de Nuit Apaisant — Mélisse & Valériane","/cosmetiques/#elixir_nuit_apaisant","publiée","cosmetique","Visage","4","5","2","Phase A: 45°C / Phase B: 40°C","25","300","Oui","12 mois.","76","76","4","Avancé","Formulation cosmétique bi-phase avancée : extraction séquentielle, pesée précise des résines/huiles, assemblage sous agitation et conditionnement ambré.","high","","Oui"
"cosmetique-serum_hydratation_profonde","Sérum Hydratation — Aloé & Hyaluronique","/cosmetiques/#serum_hydratation_profonde","publiée","cosmetique","Visage","4","5","2","Phase A: 35°C / Phase B: 35°C","25","120","Oui","3 mois au frais.","76","76","4","Avancé","Formulation cosmétique bi-phase avancée : extraction séquentielle, pesée précise des résines/huiles, assemblage sous agitation et conditionnement ambré.","high","","Oui"
"cosmetique-huile_barbe_visage","Huile de Barbe & Visage — Cèdre & Jojoba","/cosmetiques/#huile_barbe_visage","publiée","cosmetique","Visage","4","5","2","Phase A: 55°C / Phase B: 50°C","25","360","Oui","12 mois.","76","76","4","Avancé","Formulation cosmétique bi-phase avancée : extraction séquentielle, pesée précise des résines/huiles, assemblage sous agitation et conditionnement ambré.","high","","Oui"
"cosmetique-masque_detox_argile","Masque Détox — Argile & Charbon","/cosmetiques/#masque_detox_argile","publiée","cosmetique","Visage","4","4","2","Phase A: 50°C / Phase B: 25°C","25","120","Oui","12 mois (séparés).","71","71","4","Avancé","Formulation cosmétique bi-phase avancée : extraction séquentielle, pesée précise des résines/huiles, assemblage sous agitation et conditionnement ambré.","high","","Oui"
"cosmetique-lotion_capillaire_ortie","Lotion Tonique Capillaire — Ortie & Romarin","/cosmetiques/#lotion_capillaire_ortie","publiée","cosmetique","Cheveux","4","5","2","Phase A: 45°C / Phase B: 40°C","25","300","Oui","6 mois.","76","76","4","Avancé","Formulation cosmétique bi-phase avancée : extraction séquentielle, pesée précise des résines/huiles, assemblage sous agitation et conditionnement ambré.","high","","Oui"
"cosmetique-soin_pieds_relaxant","Baume Pieds Relaxant — Menthe & Camphre","/cosmetiques/#soin_pieds_relaxant","publiée","cosmetique","Corps","4","5","2","Phase A: 45°C / Phase B: 40°C","25","180","Oui","6 mois.","76","76","4","Avancé","Formulation cosmétique bi-phase avancée : extraction séquentielle, pesée précise des résines/huiles, assemblage sous agitation et conditionnement ambré.","high","","Oui"
"cosmetique-dentifrice_remineralisant_coco_girofle","Dentifrice Reminéralisant & Pubbling Coco — Hygiène Buccale","/cosmetiques/#dentifrice_remineralisant_coco_girofle","publiée","cosmetique","Visage","9","12","2","Phase A: 45°C / Phase B: N/A","25","120","Oui","4 à 6 mois à l'abri de la lumière.","94","94","5","Expert","Formulation cosmétique bi-phase avancée : extraction séquentielle, pesée précise des résines/huiles, assemblage sous agitation et conditionnement ambré.","high","","Oui"
"culinaire-romarin_culinaire-huile_finition","Romarin à Cinéole — Huile de finition","/culinaire/#romarin_culinaire","publiée","culinaire","Huile de finition","2","2","1","50°C","10","90","Oui","Bouteille en verre propre et sèche, à l’abri de la lumière.","20","20","1","Très facile","Préparation culinaire à phase unique (50°C, 1h30) dans Huile d'olive extra-vierge, simple filtration au tamis BloomLab.","high","","Non"
"culinaire-romarin_culinaire-beurre_ghee","Romarin à Cinéole — Beurre clarifié / Ghee","/culinaire/#romarin_culinaire","publiée","culinaire","Beurre clarifié / Ghee","2","2","1","45°C","10","60","Oui","Bouteille en verre propre et sèche, à l’abri de la lumière.","20","20","1","Très facile","Préparation culinaire à phase unique (45°C, 1h00) dans Ghee, simple filtration au tamis BloomLab.","high","","Non"
"culinaire-romarin_culinaire-miel","Romarin à Cinéole — Miel infusé","/culinaire/#romarin_culinaire","publiée","culinaire","Miel infusé","2","2","1","40°C","10","60","Oui","Bouteille en verre propre et sèche, à l’abri de la lumière.","20","20","1","Très facile","Préparation culinaire à phase unique (40°C, 1h00) dans Miel d'acacia, simple filtration au tamis BloomLab.","high","","Non"
"culinaire-thym_culinaire-huile_finition","Thym commun — Huile de finition","/culinaire/#thym_culinaire","publiée","culinaire","Huile de finition","2","2","1","50°C","10","90","Oui","Bouteille en verre propre et sèche, à l’abri de la lumière.","20","20","1","Très facile","Préparation culinaire à phase unique (50°C, 1h30) dans Huile d'olive, simple filtration au tamis BloomLab.","high","","Non"
"culinaire-thym_culinaire-beurre_ghee","Thym commun — Beurre clarifié / Ghee","/culinaire/#thym_culinaire","publiée","culinaire","Beurre clarifié / Ghee","2","2","1","45°C","10","60","Oui","Bouteille en verre propre et sèche, à l’abri de la lumière.","20","20","1","Très facile","Préparation culinaire à phase unique (45°C, 1h00) dans Ghee, simple filtration au tamis BloomLab.","high","","Non"
"culinaire-thym_culinaire-vinaigre","Thym commun — Vinaigre aromatique","/culinaire/#thym_culinaire","publiée","culinaire","Vinaigre aromatique","2","2","1","40°C","10","60","Oui","Bouteille en verre propre et sèche, à l’abri de la lumière.","20","20","1","Très facile","Préparation culinaire à phase unique (40°C, 1h00) dans Vinaigre de cidre, simple filtration au tamis BloomLab.","high","","Non"
"culinaire-basilic_culinaire-huile_finition","Basilic grand vert — Huile de finition","/culinaire/#basilic_culinaire","publiée","culinaire","Huile de finition","2","2","1","40°C","10","60","Oui","Bouteille en verre propre et sèche, à l’abri de la lumière.","20","20","1","Très facile","Préparation culinaire à phase unique (40°C, 1h00) dans Huile de pépins de raisin (neutre), simple filtration au tamis BloomLab.","high","","Non"
"culinaire-basilic_culinaire-vinaigre","Basilic grand vert — Vinaigre aromatique","/culinaire/#basilic_culinaire","publiée","culinaire","Vinaigre aromatique","2","2","1","35°C","10","45","Oui","Bouteille en verre propre et sèche, à l’abri de la lumière.","20","20","1","Très facile","Préparation culinaire à phase unique (35°C, 45min) dans Vinaigre blanc, simple filtration au tamis BloomLab.","high","","Non"
"culinaire-origan_culinaire-huile_finition","Origan compact — Huile de finition","/culinaire/#origan_culinaire","publiée","culinaire","Huile de finition","2","2","1","45°C","10","90","Oui","Bouteille en verre propre et sèche, à l’abri de la lumière.","20","20","1","Très facile","Préparation culinaire à phase unique (45°C, 1h30) dans Huile d'olive, simple filtration au tamis BloomLab.","high","","Non"
"culinaire-origan_culinaire-beurre_ghee","Origan compact — Beurre clarifié / Ghee","/culinaire/#origan_culinaire","publiée","culinaire","Beurre clarifié / Ghee","2","2","1","40°C","10","60","Oui","Bouteille en verre propre et sèche, à l’abri de la lumière.","20","20","1","Très facile","Préparation culinaire à phase unique (40°C, 1h00) dans Ghee, simple filtration au tamis BloomLab.","high","","Non"
"culinaire-laurier_culinaire-huile_finition","Laurier sauce — Huile de finition","/culinaire/#laurier_culinaire","publiée","culinaire","Huile de finition","2","2","1","50°C","10","120","Oui","Bouteille en verre propre et sèche, à l’abri de la lumière.","20","20","1","Très facile","Préparation culinaire à phase unique (50°C, 2h00) dans Huile d'olive, simple filtration au tamis BloomLab.","high","","Non"
"culinaire-laurier_culinaire-beurre_ghee","Laurier sauce — Beurre clarifié / Ghee","/culinaire/#laurier_culinaire","publiée","culinaire","Beurre clarifié / Ghee","2","2","1","45°C","10","90","Oui","Bouteille en verre propre et sèche, à l’abri de la lumière.","20","20","1","Très facile","Préparation culinaire à phase unique (45°C, 1h30) dans Ghee, simple filtration au tamis BloomLab.","high","","Non"
"culinaire-sauge_culinaire-beurre_ghee","Sauge officinale — Beurre clarifié / Ghee","/culinaire/#sauge_culinaire","publiée","culinaire","Beurre clarifié / Ghee","2","2","1","45°C","10","60","Oui","Bouteille en verre propre et sèche, à l’abri de la lumière.","20","20","1","Très facile","Préparation culinaire à phase unique (45°C, 1h00) dans Ghee, simple filtration au tamis BloomLab.","high","","Non"
"culinaire-sauge_culinaire-huile_finition","Sauge officinale — Huile de finition","/culinaire/#sauge_culinaire","publiée","culinaire","Huile de finition","2","2","1","50°C","10","90","Oui","Bouteille en verre propre et sèche, à l’abri de la lumière.","20","20","1","Très facile","Préparation culinaire à phase unique (50°C, 1h30) dans Huile d'olive, simple filtration au tamis BloomLab.","high","","Non"
"culinaire-menthe_culinaire-huile_finition","Menthe poivrée — Huile de finition","/culinaire/#menthe_culinaire","publiée","culinaire","Huile de finition","2","2","1","40°C","10","60","Oui","Bouteille en verre propre et sèche, à l’abri de la lumière.","20","20","1","Très facile","Préparation culinaire à phase unique (40°C, 1h00) dans Huile de pépins de raisin, simple filtration au tamis BloomLab.","high","","Non"
"culinaire-menthe_culinaire-miel","Menthe poivrée — Miel infusé","/culinaire/#menthe_culinaire","publiée","culinaire","Miel infusé","2","2","1","35°C","10","45","Oui","Bouteille en verre propre et sèche, à l’abri de la lumière.","20","20","1","Très facile","Préparation culinaire à phase unique (35°C, 45min) dans Miel d'acacia, simple filtration au tamis BloomLab.","high","","Non"
"culinaire-estragon_culinaire-vinaigre","Estragon — Vinaigre aromatique","/culinaire/#estragon_culinaire","publiée","culinaire","Vinaigre aromatique","2","2","1","40°C","10","60","Oui","Bouteille en verre propre et sèche, à l’abri de la lumière.","20","20","1","Très facile","Préparation culinaire à phase unique (40°C, 1h00) dans Vinaigre blanc, simple filtration au tamis BloomLab.","high","","Non"
"culinaire-estragon_culinaire-huile_finition","Estragon — Huile de finition","/culinaire/#estragon_culinaire","publiée","culinaire","Huile de finition","2","2","1","40°C","10","60","Oui","Bouteille en verre propre et sèche, à l’abri de la lumière.","20","20","1","Très facile","Préparation culinaire à phase unique (40°C, 1h00) dans Huile de tournesol oléique, simple filtration au tamis BloomLab.","high","","Non"
"culinaire-gingembre_culinaire-huile_finition","Gingembre — Huile de finition","/culinaire/#gingembre_culinaire","publiée","culinaire","Huile de finition","2","2","1","50°C","10","90","Oui","Bouteille en verre propre et sèche, à l’abri de la lumière.","20","20","1","Très facile","Préparation culinaire à phase unique (50°C, 1h30) dans Huile de sésame, simple filtration au tamis BloomLab.","high","","Non"
"culinaire-gingembre_culinaire-miel","Gingembre — Miel infusé","/culinaire/#gingembre_culinaire","publiée","culinaire","Miel infusé","2","2","1","40°C","10","60","Oui","Bouteille en verre propre et sèche, à l’abri de la lumière.","20","20","1","Très facile","Préparation culinaire à phase unique (40°C, 1h00) dans Miel + citron, simple filtration au tamis BloomLab.","high","","Non"
"culinaire-curcuma_culinaire-huile_finition","Curcuma — Huile de finition","/culinaire/#curcuma_culinaire","publiée","culinaire","Huile de finition","2","2","1","55°C","10","120","Oui","Bouteille en verre propre et sèche, à l’abri de la lumière.","20","20","1","Très facile","Préparation culinaire à phase unique (55°C, 2h00) dans Huile de coco vierge, simple filtration au tamis BloomLab.","high","","Non"
"culinaire-curcuma_culinaire-beurre_ghee","Curcuma — Beurre clarifié / Ghee","/culinaire/#curcuma_culinaire","publiée","culinaire","Beurre clarifié / Ghee","2","2","1","50°C","10","90","Oui","Bouteille en verre propre et sèche, à l’abri de la lumière.","20","20","1","Très facile","Préparation culinaire à phase unique (50°C, 1h30) dans Ghee, simple filtration au tamis BloomLab.","high","","Non"
"culinaire-cannelle_culinaire-miel","Cannelle de Ceylan — Miel infusé","/culinaire/#cannelle_culinaire","publiée","culinaire","Miel infusé","2","2","1","40°C","10","90","Oui","Bouteille en verre propre et sèche, à l’abri de la lumière.","20","20","1","Très facile","Préparation culinaire à phase unique (40°C, 1h30) dans Miel de fleurs, simple filtration au tamis BloomLab.","high","","Non"
"culinaire-cannelle_culinaire-huile_finition","Cannelle de Ceylan — Huile de finition","/culinaire/#cannelle_culinaire","publiée","culinaire","Huile de finition","2","2","1","50°C","10","120","Oui","Bouteille en verre propre et sèche, à l’abri de la lumière.","20","20","1","Très facile","Préparation culinaire à phase unique (50°C, 2h00) dans Huile de coco, simple filtration au tamis BloomLab.","high","","Non"
"culinaire-cardamome_culinaire-miel","Cardamome verte — Miel infusé","/culinaire/#cardamome_culinaire","publiée","culinaire","Miel infusé","2","2","1","40°C","10","60","Oui","Bouteille en verre propre et sèche, à l’abri de la lumière.","20","20","1","Très facile","Préparation culinaire à phase unique (40°C, 1h00) dans Miel d'acacia, simple filtration au tamis BloomLab.","high","","Non"
"culinaire-cardamome_culinaire-huile_finition","Cardamome verte — Huile de finition","/culinaire/#cardamome_culinaire","publiée","culinaire","Huile de finition","2","2","1","45°C","10","90","Oui","Bouteille en verre propre et sèche, à l’abri de la lumière.","20","20","1","Très facile","Préparation culinaire à phase unique (45°C, 1h30) dans Huile de pépins de raisin, simple filtration au tamis BloomLab.","high","","Non"
"culinaire-lavande_culinaire-sucre","Lavande (Angustifolia) — Préparation culinaire","/culinaire/#lavande_culinaire","publiée","culinaire","Préparation culinaire","2","2","1","40°C","10","60","Oui","Bouteille en verre propre et sèche, à l’abri de la lumière.","20","20","1","Très facile","Préparation culinaire à phase unique (40°C, 1h00) dans Sucre + fleurs, simple filtration au tamis BloomLab.","high","","Non"
"culinaire-lavande_culinaire-miel","Lavande (Angustifolia) — Miel infusé","/culinaire/#lavande_culinaire","publiée","culinaire","Miel infusé","2","2","1","35°C","10","60","Oui","Bouteille en verre propre et sèche, à l’abri de la lumière.","20","20","1","Très facile","Préparation culinaire à phase unique (35°C, 1h00) dans Miel de lavande, simple filtration au tamis BloomLab.","high","","Non"
"culinaire-citronnelle_culinaire-huile_finition","Citronnelle — Huile de finition","/culinaire/#citronnelle_culinaire","publiée","culinaire","Huile de finition","2","2","1","45°C","10","90","Oui","Bouteille en verre propre et sèche, à l’abri de la lumière.","20","20","1","Très facile","Préparation culinaire à phase unique (45°C, 1h30) dans Huile de coco, simple filtration au tamis BloomLab.","high","","Non"
"culinaire-citronnelle_culinaire-miel","Citronnelle — Miel infusé","/culinaire/#citronnelle_culinaire","publiée","culinaire","Miel infusé","2","2","1","40°C","10","60","Oui","Bouteille en verre propre et sèche, à l’abri de la lumière.","20","20","1","Très facile","Préparation culinaire à phase unique (40°C, 1h00) dans Miel d'acacia, simple filtration au tamis BloomLab.","high","","Non"
"culinaire-girofle_culinaire-miel","Clou de girofle — Miel infusé","/culinaire/#girofle_culinaire","publiée","culinaire","Miel infusé","2","2","1","40°C","10","60","Oui","Bouteille en verre propre et sèche, à l’abri de la lumière.","20","20","1","Très facile","Préparation culinaire à phase unique (40°C, 1h00) dans Miel de châtaignier, simple filtration au tamis BloomLab.","high","","Non"
"culinaire-girofle_culinaire-huile_finition","Clou de girofle — Huile de finition","/culinaire/#girofle_culinaire","publiée","culinaire","Huile de finition","2","2","1","45°C","10","90","Oui","Bouteille en verre propre et sèche, à l’abri de la lumière.","20","20","1","Très facile","Préparation culinaire à phase unique (45°C, 1h30) dans Huile d'olive, simple filtration au tamis BloomLab.","high","","Non"
"culinaire-lycium_barbarum-huile_finition","Goji — Huile de finition","/culinaire/#lycium_barbarum","publiée","culinaire","Huile de finition","2","2","1","72°C (A) / 45°C (B)","10","120","Oui","Bouteille en verre propre et sèche, à l’abri de la lumière.","20","20","1","Très facile","Préparation culinaire à phase unique (72°C (A) / 45°C (B), 2h (A) + 3h (B)) dans Eau (A) / Huile (B), simple filtration au tamis BloomLab.","high","","Non"
"culinaire-lycium_barbarum-miel","Goji — Miel infusé","/culinaire/#lycium_barbarum","publiée","culinaire","Miel infusé","2","2","1","40°C","10","120","Oui","Bouteille en verre propre et sèche, à l’abri de la lumière.","20","20","1","Très facile","Préparation culinaire à phase unique (40°C, 2h00) dans Miel d'Acacia, simple filtration au tamis BloomLab.","high","","Non"
"culinaire-arctium_lappa-vinaigre","Bardane — Vinaigre aromatique","/culinaire/#arctium_lappa","publiée","culinaire","Vinaigre aromatique","2","2","1","65°C","10","180","Oui","Bouteille en verre propre et sèche, à l’abri de la lumière.","20","20","1","Très facile","Préparation culinaire à phase unique (65°C, 3h00) dans Vinaigre de riz, simple filtration au tamis BloomLab.","high","","Non"
"culinaire-arctium_lappa-huile_finition","Bardane — Huile de finition","/culinaire/#arctium_lappa","publiée","culinaire","Huile de finition","2","2","1","50°C","10","120","Oui","Bouteille en verre propre et sèche, à l’abri de la lumière.","20","20","1","Très facile","Préparation culinaire à phase unique (50°C, 2h00) dans Huile de sésame, simple filtration au tamis BloomLab.","high","","Non"
"culinaire-illicium_verum-miel","Badiane (Anis étoilé) — Miel infusé","/culinaire/#illicium_verum","publiée","culinaire","Miel infusé","2","2","1","45°C","10","90","Oui","Bouteille en verre propre et sèche, à l’abri de la lumière.","20","20","1","Très facile","Préparation culinaire à phase unique (45°C, 1h30) dans Miel de forêt, simple filtration au tamis BloomLab.","high","","Non"
"culinaire-illicium_verum-huile_finition","Badiane (Anis étoilé) — Huile de finition","/culinaire/#illicium_verum","publiée","culinaire","Huile de finition","2","2","1","50°C","10","90","Oui","Bouteille en verre propre et sèche, à l’abri de la lumière.","20","20","1","Très facile","Préparation culinaire à phase unique (50°C, 1h30) dans Huile de colza, simple filtration au tamis BloomLab.","high","","Non"
"culinaire-ziziphus_jujuba-miel","Jujube (Datte rouge) — Miel infusé","/culinaire/#ziziphus_jujuba","publiée","culinaire","Miel infusé","2","2","1","45°C","10","150","Oui","Bouteille en verre propre et sèche, à l’abri de la lumière.","20","20","1","Très facile","Préparation culinaire à phase unique (45°C, 2h30) dans Miel crémeux, simple filtration au tamis BloomLab.","high","","Non"
"culinaire-ziziphus_jujuba-vinaigre","Jujube (Datte rouge) — Vinaigre aromatique","/culinaire/#ziziphus_jujuba","publiée","culinaire","Vinaigre aromatique","2","2","1","55°C","10","120","Oui","Bouteille en verre propre et sèche, à l’abri de la lumière.","20","20","1","Très facile","Préparation culinaire à phase unique (55°C, 2h00) dans Vinaigre de cidre, simple filtration au tamis BloomLab.","high","","Non"
"culinaire-vigna_angularis-sucre","Haricot Adzuki — Préparation culinaire","/culinaire/#vigna_angularis","publiée","culinaire","Préparation culinaire","2","2","1","70°C","10","180","Oui","Bouteille en verre propre et sèche, à l’abri de la lumière.","20","20","1","Très facile","Préparation culinaire à phase unique (70°C, 3h00) dans Sirop de canne, simple filtration au tamis BloomLab.","high","","Non"
"culinaire-vigna_angularis-huile_finition","Haricot Adzuki — Huile de finition","/culinaire/#vigna_angularis","publiée","culinaire","Huile de finition","2","2","1","60°C","10","120","Oui","Bouteille en verre propre et sèche, à l’abri de la lumière.","20","20","1","Très facile","Préparation culinaire à phase unique (60°C, 2h00) dans Huile de son de riz, simple filtration au tamis BloomLab.","high","","Non"
"parcours-psoriasis_remede","Parcours Botanique Guidé — Psoriasis — Émonctoires & Barrière Kératinocytaire","/recettes/#psoriasis_remede","publiée","parcours-guide","Parcours botanique guidé","5","6","2","Phase A: 75°C / Phase B: 50°C","30","240","Oui","Flacon ambré hermétique, 6 semaines au réfrigérateur.","76","76","4","Avancé","Parcours guidé multi-plantes en extraction séquentielle A/B nécessitant 2 solvants et un assemblage précis.","high","","Oui"
"parcours-eczema_remede","Parcours Botanique Guidé — Eczéma — Apaisement Histaminique & Réparation Barrière","/recettes/#eczema_remede","publiée","parcours-guide","Parcours botanique guidé","5","6","2","Phase A: 75°C / Phase B: 50°C","30","240","Oui","Flacon ambré hermétique, 6 semaines au réfrigérateur.","76","76","4","Avancé","Parcours guidé multi-plantes en extraction séquentielle A/B nécessitant 2 solvants et un assemblage précis.","high","","Oui"
"parcours-alopecie_andro_remede","Parcours Botanique Guidé — Alopécie — Anti-DHT & Micro-Nutrition Folliculaire","/recettes/#alopecie_andro_remede","publiée","parcours-guide","Parcours botanique guidé","5","6","2","Phase A: 75°C / Phase B: 50°C","30","240","Oui","Flacon ambré hermétique, 6 semaines au réfrigérateur.","76","76","4","Avancé","Parcours guidé multi-plantes en extraction séquentielle A/B nécessitant 2 solvants et un assemblage précis.","high","","Oui"